Date,Revenue,Customers,Conversion_Rate,Marketing_Spend,Channel
2024-09-01,45000,1200,3.2,8000,Paid
2024-09-02,47500,1250,3.3,8200,Organic
2024-09-03,46800,1230,3.25,8100,Email
2024-09-04,48200,1280,3.4,8300,Paid
2024-09-05,49500,1320,3.5,8500,Organic
2024-09-06,51000,1350,3.6,8600,Email
2024-09-07,52300,1380,3.65,8700,Paid
2024-09-08,50800,1340,3.55,8500,Organic
2024-09-09,49200,1300,3.45,8300,Email
2024-09-10,48500,1280,3.4,8200,Paid
2024-09-11,50000,1320,3.5,8400,Organic
2024-09-12,51500,1360,3.6,8600,Email
2024-09-13,53000,1400,3.7,8800,Paid
2024-09-14,54500,1440,3.75,9000,Organic
2024-09-15,56000,1480,3.8,9200,Email
2024-09-16,57200,1510,3.85,9300,Paid
2024-09-17,58500,1545,3.9,9500,Organic
2024-09-18,59800,1580,3.95,9700,Email
2024-09-19,61000,1610,4.0,9800,Paid
2024-09-20,62500,1650,4.05,10000,Organic
2024-09-21,64000,1690,4.1,10200,Email
2024-09-22,65200,1720,4.15,10300,Paid
2024-09-23,66800,1760,4.2,10500,Organic
2024-09-24,68000,1795,4.25,10700,Email
2024-09-25,69500,1835,4.3,10900,Paid
2024-09-26,71000,1875,4.35,11100,Organic
2024-09-27,72500,1915,4.4,11300,Email
2024-09-28,74000,1955,4.45,11500,Paid
2024-09-29,75500,1995,4.5,11700,Organic
2024-09-30,77000,2035,4.55,11900,Email
2024-10-01,78500,2075,4.6,12100,Paid
2024-10-02,80000,2115,4.65,12300,Organic
2024-10-03,81500,2155,4.7,12500,Email
2024-10-04,83000,2195,4.75,12700,Paid
2024-10-05,84500,2235,4.8,12900,Organic
2024-10-06,86000,2275,4.85,13100,Email
2024-10-07,87500,2315,4.9,13300,Paid
2024-10-08,89000,2355,4.95,13500,Organic
2024-10-09,90500,2395,5.0,13700,Email
2024-10-10,92000,2435,5.05,13900,Paid
2024-10-11,93500,2475,5.1,14100,Organic
2024-10-12,95000,2515,5.15,14300,Email
2024-10-13,96500,2555,5.2,14500,Paid
2024-10-14,98000,2595,5.25,14700,Organic
2024-10-15,99500,2635,5.3,14900,Email
2024-10-16,101000,2675,5.35,15100,Paid
2024-10-17,102500,2715,5.4,15300,Organic
2024-10-18,104000,2755,5.45,15500,Email
2024-10-19,105500,2795,5.5,15700,Paid
2024-10-20,107000,2835,5.55,15900,Organic
2024-10-21,108500,2875,5.6,16100,Email
2024-10-22,110000,2915,5.65,16300,Paid
2024-10-23,111500,2955,5.7,16500,Organic
2024-10-24,113000,2995,5.75,16700,Email
2024-10-25,114500,3035,5.8,16900,Paid
2024-10-26,116000,3075,5.85,17100,Organic
2024-10-27,117500,3115,5.9,17300,Email
2024-10-28,119000,3155,5.95,17500,Paid
2024-10-29,120500,3195,6.0,17700,Organic
2024-10-30,122000,3235,6.05,17900,Email
2024-10-31,123500,3275,6.1,18100,Paid
2024-11-01,125000,3315,6.15,18300,Organic
2024-11-02,126500,3355,6.2,18500,Email
2024-11-03,128000,3395,6.25,18700,Paid
2024-11-04,129500,3435,6.3,18900,Organic
2024-11-05,131000,3475,6.35,19100,Email
2024-11-06,132500,3515,6.4,19300,Paid
2024-11-07,134000,3555,6.45,19500,Organic
2024-11-08,135500,3595,6.5,19700,Email
2024-11-09,137000,3635,6.55,19900,Paid
2024-11-10,138500,3675,6.6,20100,Organic
2024-11-11,140000,3715,6.65,20300,Email
2024-11-12,141500,3755,6.7,20500,Paid
2024-11-13,143000,3795,6.75,20700,Organic
2024-11-14,144500,3835,6.8,20900,Email
2024-11-15,146000,3875,6.85,21100,Paid
2024-11-16,147500,3915,6.9,21300,Organic
2024-11-17,149000,3955,6.95,21500,Email
2024-11-18,150500,3995,7.0,21700,Paid
2024-11-19,152000,4035,7.05,21900,Organic
2024-11-20,153500,4075,7.1,22100,Email
2024-11-21,155000,4115,7.15,22300,Paid
2024-11-22,156500,4155,7.2,22500,Organic
2024-11-23,158000,4195,7.25,22700,Email
2024-11-24,159500,4235,7.3,22900,Paid
2024-11-25,161000,4275,7.35,23100,Organic
2024-11-26,162500,4315,7.4,23300,Email
2024-11-27,164000,4355,7.45,23500,Paid
2024-11-28,165500,4395,7.5,23700,Organic
2024-11-29,167000,4435,7.55,23900,Email
2024-11-30,168500,4475,7.6,24100,Paid
